0.7	0	0
10	0.146916	0.146592
20	0.131559	0.129745
30	0.112394	0.110799
40	0.0933145	0.0918213
50	0.0773965	0.0755549
60	0.0657535	0.0635818
70	0.0578094	0.0554409
80	0.0524041	0.049779
90	0.0486495	0.0457899
100	0.0459402	0.0429839
110	0.0439024	0.0409508
120	0.0422839	0.0393846
130	0.0408926	0.0380775
140	0.0395839	0.0368839
150	0.0382534	0.0356996
160	0.0368418	0.0344668
170	0.0353401	0.0331823
180	0.0337724	0.0318778
190	0.0321709	0.0305886
200	0.030569	0.0293432
210	0.0290035	0.0281662
220	0.0275123	0.0270765
230	0.0261275	0.0260827
240	0.0248679	0.0251821
250	0.0237368	0.0243652
260	0.0227262	0.0236212
270	0.0218233	0.0229407
280	0.0210148	0.0223165
290	0.0202888	0.0217429
300	0.0196354	0.0212154
310	0.0190459	0.0207299
320	0.0185128	0.020283
330	0.0180294	0.0198712
340	0.0175898	0.0194913
350	0.0171887	0.0191404
360	0.0168214	0.0188156
370	0.0164836	0.0185144
380	0.0161719	0.0182343
390	0.015883	0.0179731
400	0.0156141	0.0177288
410	0.0153629	0.0174996
420	0.0151274	0.017284
430	0.0149058	0.0170806
440	0.0146966	0.0168883
450	0.0144986	0.016706
460	0.0143107	0.0165329
470	0.0141319	0.0163682
480	0.0139617	0.0162114
490	0.0137991	0.0160618
500	0.0136437	0.015919
510	0.013495	0.0157826
520	0.0133525	0.0156522
530	0.0132159	0.0155274
540	0.0130847	0.015408
550	0.0129587	0.0152936
560	0.0128375	0.0151839
570	0.012721	0.0150787
580	0.0126089	0.0149778
590	0.0125009	0.0148809
600	0.0123968	0.0147878
610	0.0122964	0.0146982
620	0.0121996	0.014612
630	0.0121061	0.014529
640	0.0120159	0.0144489
650	0.0119287	0.0143717
660	0.0118444	0.0142972
670	0.0117629	0.0142251
680	0.011684	0.0141555
690	0.0116075	0.014088
700	0.0115335	0.0140228
710	0.0114616	0.0139595
720	0.0113919	0.0138982
730	0.0113242	0.0138387
740	0.0112585	0.013781
750	0.0111945	0.0137249
760	0.0111322	0.0136705
770	0.0110716	0.0136175
780	0.0110125	0.013566
790	0.0109549	0.0135159
800	0.0108987	0.0134672
810	0.0108439	0.0134197
820	0.0107903	0.0133735
830	0.0107378	0.0133284
840	0.0106866	0.0132845
850	0.0106364	0.0132417
860	0.0105872	0.0132
870	0.0105391	0.0131593
880	0.0104919	0.0131195
890	0.0104456	0.0130808
900	0.0104002	0.0130429
910	0.0103556	0.0130059
920	0.0103118	0.0129698
930	0.0102688	0.0129345
940	0.0102265	0.0129001
950	0.010185	0.0128664
960	0.0101441	0.0128334
970	0.0101039	0.0128012
980	0.0100643	0.0127698
990	0.0100254	0.012739
1000	0.00998708	0.0127088
1010	0.00994933	0.0126794
1020	0.00991215	0.0126505
1030	0.00987552	0.0126223
1040	0.00983942	0.0125947
1050	0.00980385	0.0125676
1060	0.00976878	0.0125412
1070	0.0097342	0.0125152
1080	0.0097001	0.0124899
1090	0.00966646	0.012465
1100	0.00963329	0.0124407
1110	0.00960055	0.0124168
1120	0.00956826	0.0123935
1130	0.00953638	0.0123706
1140	0.00950493	0.0123481
1150	0.00947388	0.0123262
1160	0.00944323	0.0123046
1170	0.00941297	0.0122835
1180	0.00938309	0.0122629
1190	0.00935359	0.0122426
1200	0.00932445	0.0122227
1210	0.00929567	0.0122033
1220	0.00926725	0.0121842
1230	0.00923917	0.0121655
1240	0.00921143	0.0121471
1250	0.00918403	0.0121292
1260	0.00915695	0.0121115
1270	0.00913018	0.0120942
1280	0.00910374	0.0120773
1290	0.0090776	0.0120607
1300	0.00905176	0.0120444
1310	0.00902623	0.0120284
1320	0.00900098	0.0120128
1330	0.00897602	0.0119974
1340	0.00895134	0.0119824
1350	0.00892693	0.0119676
1360	0.00890279	0.0119531
1370	0.00887892	0.0119389
1380	0.00885531	0.011925
1390	0.00883195	0.0119113
1400	0.00880884	0.0118979
1410	0.00878598	0.0118848
1420	0.00876335	0.0118718
1430	0.00874097	0.0118592
1440	0.00871881	0.0118467
1450	0.00869688	0.0118346
1460	0.00867518	0.0118226
1470	0.0086537	0.0118108
1480	0.00863243	0.0117993
1490	0.00861137	0.011788
1500	0.00859052	0.0117768
1510	0.00856987	0.0117659
1520	0.00854942	0.0117552
1530	0.00852916	0.0117447
1540	0.0085091	0.0117343
1550	0.00848923	0.0117242
1560	0.00846954	0.0117142
1570	0.00845004	0.0117044
1580	0.00843071	0.0116947
1590	0.00841156	0.0116853
1600	0.00839258	0.0116759
1610	0.00837377	0.0116668
1620	0.00835513	0.0116578
1630	0.00833665	0.0116489
1640	0.00831833	0.0116402
1650	0.00830018	0.0116316
1660	0.00828217	0.0116232
1670	0.00826432	0.0116149
1680	0.00824662	0.0116067
1690	0.00822906	0.0115987
1700	0.00821165	0.0115908
1710	0.00819439	0.011583
1720	0.00817727	0.0115753
1730	0.00816028	0.0115677
1740	0.00814343	0.0115603
1750	0.00812671	0.0115529
1760	0.00811013	0.0115457
1770	0.00809367	0.0115385
1780	0.00807735	0.0115315
1790	0.00806114	0.0115246
1800	0.00804507	0.0115177
1810	0.00802911	0.0115109
1820	0.00801328	0.0115043
1830	0.00799756	0.0114977
1840	0.00798197	0.0114912
1850	0.00796648	0.0114848
1860	0.00795111	0.0114784
1870	0.00793586	0.0114722
1880	0.0079207	0.011466
1890	0.00790567	0.0114599
1900	0.00789074	0.0114538
1910	0.00787591	0.0114479
1920	0.00786119	0.011442
1930	0.00784657	0.0114361
1940	0.00783205	0.0114304
1950	0.00781764	0.0114247
1960	0.00780332	0.0114191
1970	0.0077891	0.0114135
1980	0.00777498	0.011408
1990	0.00776095	0.0114026
2000	0.00774702	0.0113972
2010	0.00773318	0.0113919
2020	0.00771943	0.0113867
2030	0.00770577	0.0113815
2040	0.0076922	0.0113763
2050	0.00767872	0.0113713
2060	0.00766532	0.0113663
2070	0.00765201	0.0113614
2080	0.00763879	0.0113565
2090	0.00762565	0.0113517
2100	0.0076126	0.0113469
2110	0.00759962	0.0113422
2120	0.00758673	0.0113376
2130	0.00757392	0.011333
2140	0.00756119	0.0113285
2150	0.00754854	0.0113241
2160	0.00753597	0.0113197
2170	0.00752347	0.0113154
2180	0.00751105	0.0113111
2190	0.0074987	0.011307
2200	0.00748644	0.0113029
2210	0.00747425	0.0112988
2220	0.00746212	0.0112948
2230	0.00745008	0.0112909
2240	0.0074381	0.0112871
2250	0.0074262	0.0112833
2260	0.00741437	0.0112796
2270	0.00740261	0.0112759
2280	0.00739092	0.0112724
2290	0.0073793	0.0112689
2300	0.00736775	0.0112655
2310	0.00735628	0.0112621
2320	0.00734487	0.0112588
2330	0.00733353	0.0112556
2340	0.00732225	0.0112525
2350	0.00731104	0.0112494
2360	0.00729991	0.0112465
2370	0.00728884	0.0112436
2380	0.00727783	0.0112407
2390	0.00726689	0.011238
2400	0.00725602	0.0112353
2410	0.00724522	0.0112327
2420	0.00723448	0.0112301
2430	0.00722381	0.0112277
2440	0.0072132	0.0112253
2450	0.00720266	0.011223
2460	0.00719218	0.0112208
2470	0.00718177	0.0112186
2480	0.00717142	0.0112165
2490	0.00716114	0.0112145
2500	0.00715092	0.0112126
2510	0.00714077	0.0112107
2520	0.00713068	0.0112089
2530	0.00712065	0.0112072
2540	0.00711069	0.0112055
2550	0.00710079	0.011204
2560	0.00709096	0.0112025
2570	0.00708119	0.011201
2580	0.00707149	0.0111997
2590	0.00706184	0.0111984
2600	0.00705227	0.0111971
2610	0.00704275	0.011196
2620	0.0070333	0.0111949
2630	0.00702391	0.0111938
2640	0.00701458	0.0111928
2650	0.00700531	0.0111919
2660	0.00699611	0.0111911
2670	0.00698697	0.0111903
2680	0.00697789	0.0111896
2690	0.00696887	0.0111889
2700	0.00695992	0.0111883
2710	0.00695103	0.0111877
2720	0.00694219	0.0111872
2730	0.00693342	0.0111868
2740	0.00692471	0.0111864
2750	0.00691606	0.011186
2760	0.00690747	0.0111858
2770	0.00689894	0.0111855
2780	0.00689047	0.0111853
2790	0.00688206	0.0111852
2800	0.00687371	0.0111851
2810	0.00686541	0.011185
2820	0.00685718	0.011185
2830	0.006849	0.011185
2840	0.00684088	0.0111851
2850	0.00683282	0.0111852
2860	0.00682482	0.0111854
2870	0.00681687	0.0111856
2880	0.00680898	0.0111858
2890	0.00680115	0.0111861
2900	0.00679337	0.0111864
2910	0.00678565	0.0111867
2920	0.00677798	0.0111871
2930	0.00677037	0.0111875
2940	0.00676281	0.0111879
2950	0.0067553	0.0111884
2960	0.00674785	0.0111888
2970	0.00674045	0.0111894
2980	0.00673311	0.0111899
2990	0.00672581	0.0111905
3000	0.00671857	0.0111911
3010	0.00671138	0.0111917
3020	0.00670424	0.0111924
3030	0.00669715	0.0111931
3040	0.00669011	0.0111938
3050	0.00668312	0.0111945
3060	0.00667618	0.0111953
3070	0.00666929	0.0111961
3080	0.00666245	0.0111969
3090	0.00665565	0.0111977
3100	0.00664891	0.0111985
3110	0.0066422	0.0111994
3120	0.00663555	0.0112003
3130	0.00662894	0.0112012
3140	0.00662238	0.0112021
3150	0.00661586	0.011203
3160	0.00660939	0.011204
3170	0.00660296	0.011205
3180	0.00659658	0.011206
3190	0.00659024	0.011207
3200	0.00658394	0.011208
3210	0.00657768	0.0112091
3220	0.00657147	0.0112101
3230	0.0065653	0.0112112
3240	0.00655917	0.0112123
3250	0.00655308	0.0112134
3260	0.00654703	0.0112146
3270	0.00654102	0.0112157
3280	0.00653505	0.0112169
3290	0.00652912	0.0112181
3300	0.00652322	0.0112193
3310	0.00651737	0.0112205
3320	0.00651155	0.0112217
3330	0.00650577	0.0112229
3340	0.00650003	0.0112242
3350	0.00649433	0.0112255
3360	0.00648866	0.0112267
3370	0.00648302	0.0112281
3380	0.00647743	0.0112294
3390	0.00647186	0.0112307
3400	0.00646634	0.0112321
3410	0.00646084	0.0112334
3420	0.00645538	0.0112348
3430	0.00644995	0.0112362
3440	0.00644456	0.0112376
3450	0.0064392	0.011239
3460	0.00643387	0.0112405
3470	0.00642857	0.0112419
3480	0.00642331	0.0112434
3490	0.00641807	0.0112449
3500	0.00641287	0.0112464
3510	0.00640769	0.0112479
3520	0.00640255	0.0112495
3530	0.00639744	0.011251
3540	0.00639235	0.0112526
3550	0.0063873	0.0112542
3560	0.00638227	0.0112558
3570	0.00637728	0.0112574
3580	0.00637231	0.0112591
3590	0.00636736	0.0112607
3600	0.00636245	0.0112624
3610	0.00635756	0.0112641
3620	0.0063527	0.0112658
3630	0.00634787	0.0112675
3640	0.00634306	0.0112693
3650	0.00633827	0.011271
3660	0.00633352	0.0112728
3670	0.00632878	0.0112746
3680	0.00632408	0.0112764
3690	0.00631939	0.0112783
3700	0.00631473	0.0112801
3710	0.0063101	0.011282
3720	0.00630549	0.0112839
3730	0.0063009	0.0112858
3740	0.00629634	0.0112877
3750	0.00629179	0.0112897
3760	0.00628728	0.0112916
3770	0.00628278	0.0112936
3780	0.0062783	0.0112956
3790	0.00627385	0.0112977
3800	0.00626941	0.0112997
3810	0.006265	0.0113018
3820	0.00626061	0.0113039
3830	0.00625624	0.011306
3840	0.00625189	0.0113081
3850	0.00624756	0.0113102
3860	0.00624325	0.0113124
3870	0.00623896	0.0113146
3880	0.00623469	0.0113168
3890	0.00623044	0.011319
3900	0.0062262	0.0113212
3910	0.00622199	0.0113235
3920	0.00621779	0.0113258
3930	0.00621361	0.0113281
3940	0.00620945	0.0113304
3950	0.00620531	0.0113328
3960	0.00620118	0.0113351
3970	0.00619707	0.0113375
3980	0.00619298	0.0113399
3990	0.00618891	0.0113423
4000	0.00618485	0.0113448
4010	0.0061808	0.0113472
4020	0.00617677	0.0113497
4030	0.00617276	0.0113522
4040	0.00616877	0.0113548
4050	0.00616479	0.0113573
4060	0.00616082	0.0113599
4070	0.00615687	0.0113625
4080	0.00615294	0.0113651
4090	0.00614901	0.0113677
4100	0.00614511	0.0113703
4110	0.00614122	0.011373
4120	0.00613734	0.0113757
4130	0.00613347	0.0113784
4140	0.00612962	0.0113811
4150	0.00612578	0.0113839
4160	0.00612196	0.0113866
4170	0.00611815	0.0113894
4180	0.00611435	0.0113922
4190	0.00611056	0.0113951
4200	0.00610679	0.0113979
4210	0.00610303	0.0114008
4220	0.00609928	0.0114036
4230	0.00609555	0.0114065
4240	0.00609182	0.0114095
4250	0.00608811	0.0114124
4260	0.00608441	0.0114154
4270	0.00608072	0.0114184
4280	0.00607704	0.0114214
4290	0.00607338	0.0114244
4300	0.00606972	0.0114274
4310	0.00606608	0.0114305
4320	0.00606244	0.0114335
4330	0.00605882	0.0114366
4340	0.0060552	0.0114397
4350	0.0060516	0.0114429
4360	0.00604801	0.011446
4370	0.00604443	0.0114492
4380	0.00604086	0.0114524
4390	0.00603729	0.0114556
4400	0.00603374	0.0114588
4410	0.0060302	0.0114621
4420	0.00602666	0.0114653
4430	0.00602314	0.0114686
4440	0.00601963	0.0114719
4450	0.00601612	0.0114752
4460	0.00601262	0.0114785
4470	0.00600914	0.0114819
4480	0.00600566	0.0114853
4490	0.00600219	0.0114886
4500	0.00599873	0.011492
4510	0.00599527	0.0114955
4520	0.00599183	0.0114989
4530	0.00598839	0.0115024
4540	0.00598496	0.0115058
4550	0.00598154	0.0115093
4560	0.00597813	0.0115128
4570	0.00597473	0.0115163
4580	0.00597133	0.0115199
4590	0.00596794	0.0115234
4600	0.00596456	0.011527
4610	0.00596119	0.0115306
4620	0.00595782	0.0115342
4630	0.00595446	0.0115378
4640	0.00595111	0.0115415
4650	0.00594777	0.0115451
4660	0.00594443	0.0115488
4670	0.0059411	0.0115525
4680	0.00593777	0.0115562
4690	0.00593446	0.0115599
4700	0.00593115	0.0115636
4710	0.00592784	0.0115674
4720	0.00592455	0.0115712
4730	0.00592126	0.0115749
4740	0.00591797	0.0115787
4750	0.0059147	0.0115826
4760	0.00591142	0.0115864
4770	0.00590816	0.0115902
4780	0.0059049	0.0115941
4790	0.00590164	0.0115979
4800	0.0058984	0.0116018
4810	0.00589516	0.0116057
4820	0.00589192	0.0116096
4830	0.00588869	0.0116136
4840	0.00588547	0.0116175
4850	0.00588225	0.0116215
4860	0.00587903	0.0116254
4870	0.00587583	0.0116294
4880	0.00587262	0.0116334
4890	0.00586943	0.0116374
4900	0.00586623	0.0116415
4910	0.00586305	0.0116455
4920	0.00585987	0.0116495
4930	0.00585669	0.0116536
4940	0.00585352	0.0116577
4950	0.00585035	0.0116618
4960	0.00584719	0.0116659
4970	0.00584403	0.01167
4980	0.00584088	0.0116741
4990	0.00583773	0.0116783
5000	0.00583459	0.0116824
5010	0.00583145	0.0116866
5020	0.00582831	0.0116907
5030	0.00582519	0.0116949
5040	0.00582206	0.0116991
5050	0.00581894	0.0117033
5060	0.00581582	0.0117076
5070	0.00581271	0.0117118
5080	0.0058096	0.011716
5090	0.0058065	0.0117203
5100	0.0058034	0.0117245
5110	0.0058003	0.0117288
5120	0.00579721	0.0117331
5130	0.00579412	0.0117374
5140	0.00579104	0.0117417
5150	0.00578796	0.011746
5160	0.00578488	0.0117503
5170	0.00578181	0.0117547
5180	0.00577874	0.011759
5190	0.00577568	0.0117634
5200	0.00577261	0.0117677
5210	0.00576955	0.0117721
5220	0.0057665	0.0117765
5230	0.00576345	0.0117808
5240	0.0057604	0.0117852
5250	0.00575736	0.0117896
5260	0.00575432	0.011794
5270	0.00575128	0.0117984
5280	0.00574824	0.0118029
5290	0.00574521	0.0118073
5300	0.00574218	0.0118117
5310	0.00573916	0.0118162
5320	0.00573613	0.0118206
5330	0.00573312	0.0118251
5340	0.0057301	0.0118295
5350	0.00572709	0.011834
5360	0.00572408	0.0118385
5370	0.00572107	0.011843
5380	0.00571807	0.0118474
5390	0.00571506	0.0118519
5400	0.00571206	0.0118564
5410	0.00570907	0.0118609
5420	0.00570608	0.0118654
5430	0.00570309	0.0118699
5440	0.0057001	0.0118744
5450	0.00569711	0.011879
5460	0.00569413	0.0118835
5470	0.00569115	0.011888
5480	0.00568817	0.0118925
5490	0.0056852	0.011897
5500	0.00568222	0.0119016
5510	0.00567925	0.0119061
5520	0.00567629	0.0119106
5530	0.00567332	0.0119152
5540	0.00567036	0.0119197
5550	0.0056674	0.0119242
5560	0.00566444	0.0119288
5570	0.00566148	0.0119333
5580	0.00565853	0.0119379
5590	0.00565558	0.0119424
5600	0.00565263	0.011947
5610	0.00564968	0.0119515
5620	0.00564673	0.011956
5630	0.00564379	0.0119606
5640	0.00564085	0.0119651
5650	0.00563791	0.0119697
5660	0.00563498	0.0119742
5670	0.00563204	0.0119787
5680	0.00562911	0.0119833
5690	0.00562618	0.0119878
5700	0.00562325	0.0119924
5710	0.00562032	0.0119969
5720	0.0056174	0.0120014
5730	0.00561447	0.012006
5740	0.00561155	0.0120105
5750	0.00560863	0.012015
5760	0.00560571	0.0120195
5770	0.0056028	0.012024
5780	0.00559988	0.0120286
5790	0.00559697	0.0120331
5800	0.00559406	0.0120376
5810	0.00559115	0.0120421
5820	0.00558824	0.0120466
5830	0.00558533	0.0120511
5840	0.00558243	0.0120556
5850	0.00557952	0.0120601
5860	0.00557662	0.0120645
5870	0.00557372	0.012069
5880	0.00557082	0.0120735
5890	0.00556793	0.012078
5900	0.00556503	0.0120824
5910	0.00556213	0.0120869
5920	0.00555924	0.0120913
5930	0.00555635	0.0120958
5940	0.00555346	0.0121002
5950	0.00555056	0.0121046
5960	0.00554768	0.0121091
5970	0.00554479	0.0121135
5980	0.0055419	0.0121179
5990	0.00553902	0.0121223
6000	0.00553613	0.0121267
6010	0.00553325	0.0121311
6020	0.00553037	0.0121355
6030	0.00552749	0.0121398
6040	0.00552461	0.0121442
6050	0.00552173	0.0121486
6060	0.00551885	0.0121529
6070	0.00551597	0.0121573
6080	0.0055131	0.0121616
6090	0.00551022	0.0121659
6100	0.00550735	0.0121703
6110	0.00550447	0.0121746
6120	0.0055016	0.0121789
6130	0.00549873	0.0121832
6140	0.00549586	0.0121875
6150	0.00549299	0.0121917
6160	0.00549012	0.012196
6170	0.00548725	0.0122003
6180	0.00548438	0.0122045
6190	0.00548151	0.0122088
6200	0.00547864	0.012213
6210	0.00547578	0.0122172
6220	0.00547291	0.0122215
6230	0.00547005	0.0122257
6240	0.00546718	0.0122299
6250	0.00546432	0.012234
6260	0.00546146	0.0122382
6270	0.0054586	0.0122424
6280	0.00545574	0.0122466
6290	0.00545288	0.0122507
6300	0.00545002	0.0122548
6310	0.00544716	0.012259
6320	0.0054443	0.0122631
6330	0.00544144	0.0122672
6340	0.00543858	0.0122713
6350	0.00543572	0.0122754
6360	0.00543287	0.0122795
6370	0.00543001	0.0122836
6380	0.00542716	0.0122876
6390	0.0054243	0.0122917
6400	0.00542145	0.0122957
6410	0.00541859	0.0122998
6420	0.00541574	0.0123038
6430	0.00541289	0.0123078
6440	0.00541004	0.0123118
6450	0.00540719	0.0123158
6460	0.00540434	0.0123198
6470	0.00540149	0.0123238
6480	0.00539864	0.0123277
6490	0.0053958	0.0123317
6500	0.00539295	0.0123356
6510	0.00539011	0.0123396
6520	0.00538726	0.0123435
6530	0.00538442	0.0123474
6540	0.00538158	0.0123513
6550	0.00537874	0.0123552
6560	0.0053759	0.0123591
6570	0.00537306	0.012363
6580	0.00537022	0.0123668
6590	0.00536739	0.0123707
6600	0.00536455	0.0123745
6610	0.00536172	0.0123784
6620	0.00535889	0.0123822
6630	0.00535606	0.012386
6640	0.00535323	0.0123898
6650	0.0053504	0.0123936
6660	0.00534757	0.0123974
6670	0.00534475	0.0124012
6680	0.00534193	0.012405
6690	0.00533911	0.0124088
6700	0.00533629	0.0124125
6710	0.00533347	0.0124162
6720	0.00533066	0.01242
6730	0.00532785	0.0124237
6740	0.00532504	0.0124274
6750	0.00532223	0.0124311
6760	0.00531942	0.0124348
6770	0.00531662	0.0124385
6780	0.00531382	0.0124422
6790	0.00531102	0.0124459
6800	0.00530823	0.0124496
6810	0.00530543	0.0124532
6820	0.00530264	0.0124569
6830	0.00529986	0.0124605
6840	0.00529707	0.0124641
6850	0.00529429	0.0124678
6860	0.00529151	0.0124714
6870	0.00528874	0.012475
6880	0.00528597	0.0124786
6890	0.0052832	0.0124822
6900	0.00528043	0.0124858
6910	0.00527767	0.0124894
6920	0.00527491	0.0124929
6930	0.00527216	0.0124965
6940	0.00526941	0.0125001
6950	0.00526666	0.0125036
6960	0.00526392	0.0125071
6970	0.00526118	0.0125107
6980	0.00525845	0.0125142
6990	0.00525571	0.0125177
7000	0.00525299	0.0125213
7010	0.00525026	0.0125248
7020	0.00524755	0.0125283
7030	0.00524483	0.0125318
7040	0.00524212	0.0125353
7050	0.00523942	0.0125388
7060	0.00523672	0.0125422
7070	0.00523402	0.0125457
7080	0.00523133	0.0125492
7090	0.00522864	0.0125527
7100	0.00522596	0.0125561
7110	0.00522329	0.0125596
7120	0.00522061	0.012563
7130	0.00521795	0.0125665
7140	0.00521529	0.0125699
7150	0.00521263	0.0125734
7160	0.00520998	0.0125768
7170	0.00520733	0.0125802
7180	0.00520469	0.0125836
7190	0.00520206	0.0125871
7200	0.00519943	0.0125905
7210	0.0051968	0.0125939
7220	0.00519418	0.0125973
7230	0.00519157	0.0126007
7240	0.00518896	0.0126041
7250	0.00518636	0.0126075
7260	0.00518376	0.0126109
7270	0.00518117	0.0126143
7280	0.00517859	0.0126177
7290	0.00517601	0.0126211
7300	0.00517344	0.0126245
7310	0.00517087	0.0126279
7320	0.0051683	0.0126313
7330	0.00516575	0.0126346
7340	0.0051632	0.012638
7350	0.00516066	0.0126414
7360	0.00515812	0.0126448
7370	0.00515559	0.0126481
7380	0.00515306	0.0126515
7390	0.00515054	0.0126549
7400	0.00514803	0.0126582
7410	0.00514552	0.0126616
7420	0.00514302	0.012665
7430	0.00514052	0.0126683
7440	0.00513803	0.0126717
7450	0.00513555	0.0126751
7460	0.00513307	0.0126784
7470	0.00513061	0.0126818
7480	0.00512814	0.0126851
7490	0.00512568	0.0126885
7500	0.00512323	0.0126919
7510	0.00512078	0.0126952
7520	0.00511835	0.0126986
7530	0.00511591	0.0127019
7540	0.00511349	0.0127053
7550	0.00511107	0.0127086
7560	0.00510865	0.012712
7570	0.00510625	0.0127153
7580	0.00510384	0.0127187
7590	0.00510145	0.012722
7600	0.00509906	0.0127254
7610	0.00509668	0.0127287
7620	0.0050943	0.0127321
7630	0.00509193	0.0127354
7640	0.00508957	0.0127388
7650	0.00508721	0.0127421
7660	0.00508486	0.0127455
7670	0.00508252	0.0127488
7680	0.00508018	0.0127522
7690	0.00507785	0.0127555
7700	0.00507552	0.0127589
7710	0.0050732	0.0127622
7720	0.00507089	0.0127656
7730	0.00506858	0.0127689
7740	0.00506628	0.0127723
7750	0.00506399	0.0127756
7760	0.0050617	0.012779
7770	0.00505942	0.0127823
7780	0.00505714	0.0127857
7790	0.00505488	0.012789
7800	0.00505261	0.0127924
7810	0.00505036	0.0127957
7820	0.00504811	0.0127991
7830	0.00504586	0.0128024
7840	0.00504362	0.0128058
7850	0.00504139	0.0128091
7860	0.00503917	0.0128125
7870	0.00503695	0.0128158
7880	0.00503474	0.0128192
7890	0.00503253	0.0128225
7900	0.00503033	0.0128259
7910	0.00502814	0.0128292
7920	0.00502595	0.0128326
7930	0.00502376	0.012836
7940	0.00502159	0.0128393
7950	0.00501942	0.0128427
7960	0.00501725	0.012846
7970	0.00501509	0.0128494
7980	0.00501294	0.0128527
7990	0.0050108	0.0128561
8000	0.00500866	0.0128594
8010	0.00500652	0.0128628
8020	0.00500439	0.0128661
8030	0.00500227	0.0128695
8040	0.00500016	0.0128729
8050	0.00499805	0.0128762
8060	0.00499594	0.0128796
8070	0.00499384	0.0128829
8080	0.00499175	0.0128863
8090	0.00498966	0.0128896
8100	0.00498758	0.012893
8110	0.00498551	0.0128963
8120	0.00498344	0.0128997
8130	0.00498138	0.012903
8140	0.00497932	0.0129064
8150	0.00497727	0.0129097
8160	0.00497522	0.0129131
8170	0.00497318	0.0129165
8180	0.00497114	0.0129198
8190	0.00496912	0.0129232
8200	0.00496709	0.0129265
8210	0.00496508	0.0129299
8220	0.00496306	0.0129332
8230	0.00496106	0.0129366
8240	0.00495906	0.0129399
8250	0.00495706	0.0129433
8260	0.00495507	0.0129466
8270	0.00495309	0.01295
8280	0.00495111	0.0129533
8290	0.00494914	0.0129567
8300	0.00494717	0.01296
8310	0.00494521	0.0129634
8320	0.00494325	0.0129667
8330	0.0049413	0.0129701
8340	0.00493936	0.0129734
8350	0.00493742	0.0129768
8360	0.00493548	0.0129801
8370	0.00493356	0.0129835
8380	0.00493163	0.0129868
8390	0.00492971	0.0129902
8400	0.0049278	0.0129935
8410	0.0049259	0.0129969
8420	0.00492399	0.0130002
8430	0.0049221	0.0130036
8440	0.00492021	0.0130069
8450	0.00491832	0.0130102
8460	0.00491644	0.0130136
8470	0.00491456	0.0130169
8480	0.00491269	0.0130203
8490	0.00491083	0.0130236
8500	0.00490897	0.013027
8510	0.00490711	0.0130303
8520	0.00490526	0.0130337
8530	0.00490342	0.013037
8540	0.00490158	0.0130403
8550	0.00489975	0.0130437
8560	0.00489792	0.013047
8570	0.00489609	0.0130504
8580	0.00489427	0.0130537
8590	0.00489246	0.013057
8600	0.00489065	0.0130604
8610	0.00488885	0.0130637
8620	0.00488705	0.013067
8630	0.00488525	0.0130704
8640	0.00488347	0.0130737
8650	0.00488168	0.0130771
8660	0.0048799	0.0130804
8670	0.00487813	0.0130837
8680	0.00487636	0.0130871
8690	0.00487459	0.0130904
8700	0.00487283	0.0130937
8710	0.00487108	0.0130971
8720	0.00486933	0.0131004
8730	0.00486758	0.0131037
8740	0.00486584	0.013107
8750	0.00486411	0.0131104
8760	0.00486238	0.0131137
8770	0.00486065	0.013117
8780	0.00485893	0.0131203
8790	0.00485722	0.0131237
8800	0.0048555	0.013127
8810	0.00485379	0.0131303
8820	0.00485209	0.0131336
8830	0.0048504	0.013137
8840	0.0048487	0.0131403
8850	0.00484701	0.0131436
8860	0.00484533	0.0131469
8870	0.00484365	0.0131503
8880	0.00484198	0.0131536
8890	0.00484031	0.0131569
8900	0.00483864	0.0131602
8910	0.00483698	0.0131636
8920	0.00483532	0.0131669
8930	0.00483367	0.0131702
8940	0.00483202	0.0131735
8950	0.00483038	0.0131768
8960	0.00482874	0.0131801
8970	0.00482711	0.0131835
8980	0.00482548	0.0131868
8990	0.00482385	0.0131901
9000	0.00482223	0.0131934
9010	0.00482061	0.0131967
9020	0.004819	0.0132
9030	0.00481739	0.0132033
9040	0.00481579	0.0132067
9050	0.00481419	0.01321
9060	0.00481259	0.0132133
9070	0.004811	0.0132166
9080	0.00480941	0.0132199
9090	0.00480783	0.0132232
9100	0.00480625	0.0132265
9110	0.00480468	0.0132298
9120	0.00480311	0.0132331
9130	0.00480155	0.0132365
9140	0.00479999	0.0132398
9150	0.00479843	0.0132431
9160	0.00479687	0.0132464
9170	0.00479533	0.0132497
9180	0.00479378	0.013253
9190	0.00479224	0.0132563
9200	0.0047907	0.0132596
9210	0.00478917	0.0132629
9220	0.00478764	0.0132662
9230	0.00478612	0.0132695
9240	0.0047846	0.0132728
9250	0.00478308	0.0132761
9260	0.00478157	0.0132794
9270	0.00478006	0.0132827
9280	0.00477855	0.013286
9290	0.00477705	0.0132893
9300	0.00477556	0.0132926
9310	0.00477407	0.0132959
9320	0.00477257	0.0132992
9330	0.00477109	0.0133025
9340	0.00476961	0.0133058
9350	0.00476813	0.0133091
9360	0.00476666	0.0133124
9370	0.00476519	0.0133157
9380	0.00476372	0.013319
9390	0.00476226	0.0133223
9400	0.00476081	0.0133256
9410	0.00475935	0.0133289
9420	0.0047579	0.0133322
9430	0.00475645	0.0133354
9440	0.00475501	0.0133387
9450	0.00475357	0.013342
9460	0.00475214	0.0133453
9470	0.0047507	0.0133486
9480	0.00474928	0.0133519
9490	0.00474785	0.0133552
9500	0.00474643	0.0133585
9510	0.00474501	0.0133618
9520	0.0047436	0.013365
9530	0.00474219	0.0133683
9540	0.00474078	0.0133716
9550	0.00473938	0.0133749
9560	0.00473798	0.0133782
9570	0.00473659	0.0133815
9580	0.0047352	0.0133848
9590	0.00473381	0.013388
9600	0.00473242	0.0133913
9610	0.00473104	0.0133946
9620	0.00472966	0.0133979
9630	0.00472829	0.0134012
9640	0.00472692	0.0134045
9650	0.00472555	0.0134077
9660	0.00472419	0.013411
9670	0.00472283	0.0134143
9680	0.00472147	0.0134176
9690	0.00472011	0.0134208
9700	0.00471876	0.0134241
9710	0.00471742	0.0134274
9720	0.00471607	0.0134307
9730	0.00471473	0.0134339
9740	0.0047134	0.0134372
9750	0.00471206	0.0134405
9760	0.00471073	0.0134438
9770	0.0047094	0.013447
9780	0.00470808	0.0134503
9790	0.00470676	0.0134536
9800	0.00470544	0.0134569
9810	0.00470413	0.0134602
9820	0.00470282	0.0134634
9830	0.00470151	0.0134667
9840	0.00470021	0.01347
9850	0.00469891	0.0134732
9860	0.00469761	0.0134765
9870	0.00469631	0.0134798
9880	0.00469502	0.013483
9890	0.00469373	0.0134863
9900	0.00469245	0.0134896
9910	0.00469117	0.0134928
9920	0.00468989	0.0134961
9930	0.00468861	0.0134994
9940	0.00468734	0.0135026
9950	0.00468607	0.0135059
9960	0.0046848	0.0135091
9970	0.00468354	0.0135124
9980	0.00468228	0.0135157
9990	0.00468102	0.0135189
10000	0.00467977	0.0135222
10010	0.00467851	0.0135254
10020	0.00467727	0.0135287
10030	0.00467602	0.013532
10040	0.00467478	0.0135352
10050	0.00467354	0.0135385
10060	0.0046723	0.0135417
10070	0.00467107	0.013545
10080	0.00466984	0.0135482
10090	0.00466861	0.0135515
10100	0.00466738	0.0135548
10110	0.00466616	0.013558
10120	0.00466494	0.0135613
10130	0.00466373	0.0135645
10140	0.00466251	0.0135678
10150	0.0046613	0.013571
10160	0.00466009	0.0135743
10170	0.00465889	0.0135775
10180	0.00465769	0.0135808
10190	0.00465649	0.013584
10200	0.00465529	0.0135873
10210	0.0046541	0.0135905
10220	0.0046529	0.0135938
10230	0.00465172	0.013597
10240	0.00465053	0.0136002
10250	0.00464935	0.0136035
10260	0.00464817	0.0136067
10270	0.00464699	0.01361
10280	0.00464582	0.0136132
10290	0.00464464	0.0136164
10300	0.00464347	0.0136197
10310	0.00464231	0.0136229
10320	0.00464114	0.0136261
10330	0.00463998	0.0136294
10340	0.00463882	0.0136326
10350	0.00463767	0.0136359
10360	0.00463651	0.0136391
10370	0.00463536	0.0136423
10380	0.00463421	0.0136456
10390	0.00463306	0.0136488
10400	0.00463192	0.013652
10410	0.00463078	0.0136553
10420	0.00462964	0.0136585
10430	0.00462851	0.0136617
10440	0.00462737	0.013665
10450	0.00462624	0.0136682
10460	0.00462511	0.0136714
10470	0.00462399	0.0136747
10480	0.00462286	0.0136779
10490	0.00462174	0.0136811
10500	0.00462063	0.0136844
10510	0.00461951	0.0136876
10520	0.0046184	0.0136908
10530	0.00461728	0.013694
10540	0.00461617	0.0136972
10550	0.00461507	0.0137005
10560	0.00461396	0.0137037
10570	0.00461286	0.0137069
10580	0.00461176	0.0137101
10590	0.00461067	0.0137134
10600	0.00460957	0.0137166
10610	0.00460848	0.0137198
10620	0.00460739	0.013723
10630	0.0046063	0.0137262
10640	0.00460522	0.0137294
10650	0.00460413	0.0137327
10660	0.00460305	0.0137359
10670	0.00460197	0.0137391
10680	0.0046009	0.0137423
10690	0.00459982	0.0137455
10700	0.00459875	0.0137487
10710	0.00459768	0.013752
10720	0.00459661	0.0137552
10730	0.00459555	0.0137584
10740	0.00459449	0.0137616
10750	0.00459342	0.0137648
10760	0.00459237	0.013768
10770	0.00459131	0.0137712
10780	0.00459026	0.0137744
10790	0.0045892	0.0137776
10800	0.00458815	0.0137808
10810	0.00458711	0.013784
10820	0.00458606	0.0137872
10830	0.00458502	0.0137905
10840	0.00458397	0.0137937
10850	0.00458293	0.0137969
10860	0.0045819	0.0138001
10870	0.00458086	0.0138033
10880	0.00457983	0.0138065
10890	0.0045788	0.0138097
10900	0.00457777	0.0138129
10910	0.00457674	0.0138161
10920	0.00457572	0.0138193
10930	0.00457469	0.0138225
10940	0.00457367	0.0138257
10950	0.00457265	0.0138289
10960	0.00457164	0.0138321
10970	0.00457062	0.0138353
10980	0.00456961	0.0138384
10990	0.0045686	0.0138416
11000	0.00456759	0.0138448
11010	0.00456658	0.013848
11020	0.00456558	0.0138512
11030	0.00456457	0.0138544
11040	0.00456357	0.0138576
11050	0.00456257	0.0138608
11060	0.00456157	0.013864
11070	0.00456058	0.0138671
11080	0.00455958	0.0138703
11090	0.00455859	0.0138735
11100	0.0045576	0.0138767
11110	0.00455661	0.0138799
11120	0.00455563	0.0138831
11130	0.00455464	0.0138862
11140	0.00455366	0.0138894
11150	0.00455268	0.0138926
11160	0.0045517	0.0138958
11170	0.00455072	0.013899
11180	0.00454975	0.0139022
11190	0.00454878	0.0139053
11200	0.0045478	0.0139085
11210	0.00454683	0.0139117
11220	0.00454586	0.0139149
11230	0.0045449	0.013918
11240	0.00454393	0.0139212
11250	0.00454297	0.0139244
11260	0.00454201	0.0139276
11270	0.00454105	0.0139307
11280	0.00454009	0.0139339
11290	0.00453913	0.0139371
11300	0.00453818	0.0139403
11310	0.00453723	0.0139434
11320	0.00453628	0.0139466
11330	0.00453533	0.0139498
11340	0.00453438	0.0139529
11350	0.00453343	0.0139561
11360	0.00453249	0.0139593
11370	0.00453155	0.0139624
11380	0.0045306	0.0139656
11390	0.00452966	0.0139688
11400	0.00452873	0.0139719
11410	0.00452779	0.0139751
11420	0.00452686	0.0139783
11430	0.00452593	0.0139814
11440	0.00452499	0.0139846
11450	0.00452406	0.0139878
11460	0.00452313	0.0139909
11470	0.00452221	0.0139941
11480	0.00452128	0.0139973
11490	0.00452036	0.0140004
11500	0.00451944	0.0140036
11510	0.00451852	0.0140067
11520	0.0045176	0.0140099
11530	0.00451668	0.0140131
11540	0.00451576	0.0140162
11550	0.00451485	0.0140194
11560	0.00451394	0.0140225
11570	0.00451302	0.0140257
11580	0.00451211	0.0140288
11590	0.00451121	0.014032
11600	0.0045103	0.0140351
11610	0.00450939	0.0140383
11620	0.00450849	0.0140415
11630	0.00450759	0.0140446
11640	0.00450669	0.0140478
11650	0.00450579	0.0140509
11660	0.00450489	0.0140541
11670	0.00450399	0.0140572
11680	0.0045031	0.0140604
11690	0.0045022	0.0140635
11700	0.00450131	0.0140667
11710	0.00450042	0.0140698
11720	0.00449953	0.0140729
11730	0.00449864	0.0140761
11740	0.00449775	0.0140792
11750	0.00449687	0.0140824
11760	0.00449598	0.0140855
11770	0.0044951	0.0140887
11780	0.00449422	0.0140918
11790	0.00449334	0.014095
11800	0.00449246	0.0140981
11810	0.00449158	0.0141013
11820	0.00449071	0.0141044
11830	0.00448983	0.0141075
11840	0.00448896	0.0141107
11850	0.00448808	0.0141138
11860	0.00448721	0.0141169
11870	0.00448634	0.0141201
11880	0.00448548	0.0141232
11890	0.00448461	0.0141264
11900	0.00448374	0.0141295
11910	0.00448288	0.0141326
11920	0.00448202	0.0141358
11930	0.00448115	0.0141389
11940	0.00448029	0.0141421
11950	0.00447943	0.0141452
11960	0.00447858	0.0141483
11970	0.00447772	0.0141515
11980	0.00447686	0.0141546
11990	0.00447601	0.0141577
12000	0.00447516	0.0141608
12010	0.0044743	0.014164
12020	0.00447345	0.0141671
12030	0.0044726	0.0141702
12040	0.00447175	0.0141733
12050	0.00447091	0.0141765
12060	0.00447006	0.0141796
12070	0.00446922	0.0141827
12080	0.00446837	0.0141858
12090	0.00446753	0.014189
12100	0.00446669	0.0141921
12110	0.00446585	0.0141952
12120	0.00446501	0.0141983
12130	0.00446417	0.0142015
12140	0.00446334	0.0142046
12150	0.0044625	0.0142077
12160	0.00446167	0.0142108
12170	0.00446083	0.0142139
12180	0.00446	0.014217
12190	0.00445917	0.0142201
12200	0.00445834	0.0142233
12210	0.00445751	0.0142264
12220	0.00445668	0.0142295
12230	0.00445586	0.0142326
12240	0.00445503	0.0142357
12250	0.00445421	0.0142389
12260	0.00445339	0.014242
12270	0.00445256	0.0142451
12280	0.00445174	0.0142482
12290	0.00445092	0.0142513
12300	0.0044501	0.0142544
12310	0.00444929	0.0142575
12320	0.00444847	0.0142606
12330	0.00444765	0.0142637
12340	0.00444684	0.0142668
12350	0.00444602	0.01427
12360	0.00444521	0.0142731
12370	0.0044444	0.0142762
12380	0.00444359	0.0142793
12390	0.00444278	0.0142824
12400	0.00444197	0.0142855
12410	0.00444116	0.0142886
12420	0.00444036	0.0142917
12430	0.00443955	0.0142948
12440	0.00443875	0.0142979
12450	0.00443794	0.014301
12460	0.00443714	0.0143041
12470	0.00443634	0.0143072
12480	0.00443554	0.0143103
12490	0.00443474	0.0143134
12500	0.00443394	0.0143165
12510	0.00443314	0.0143196
12520	0.00443235	0.0143227
12530	0.00443155	0.0143258
12540	0.00443076	0.0143288
12550	0.00442996	0.0143319
12560	0.00442917	0.014335
12570	0.00442838	0.0143381
12580	0.00442759	0.0143412
12590	0.00442679	0.0143443
12600	0.00442601	0.0143474
12610	0.00442522	0.0143505
12620	0.00442443	0.0143536
12630	0.00442364	0.0143567
12640	0.00442286	0.0143598
12650	0.00442208	0.0143629
12660	0.00442129	0.0143659
12670	0.00442051	0.014369
12680	0.00441973	0.0143721
12690	0.00441895	0.0143752
12700	0.00441817	0.0143783
12710	0.00441739	0.0143813
12720	0.00441661	0.0143844
12730	0.00441583	0.0143875
12740	0.00441506	0.0143906
12750	0.00441428	0.0143936
12760	0.00441351	0.0143967
12770	0.00441273	0.0143998
12780	0.00441196	0.0144029
12790	0.00441119	0.0144059
12800	0.00441041	0.014409
12810	0.00440965	0.0144121
12820	0.00440888	0.0144152
12830	0.00440811	0.0144182
12840	0.00440734	0.0144213
12850	0.00440657	0.0144243
12860	0.0044058	0.0144274
12870	0.00440504	0.0144305
12880	0.00440427	0.0144335
12890	0.00440351	0.0144366
12900	0.00440275	0.0144397
12910	0.00440199	0.0144427
12920	0.00440122	0.0144458
12930	0.00440046	0.0144488
12940	0.0043997	0.0144519
12950	0.00439894	0.014455
12960	0.00439819	0.014458
12970	0.00439743	0.0144611
12980	0.00439667	0.0144641
12990	0.00439592	0.0144672
13000	0.00439516	0.0144702
13010	0.00439441	0.0144733
13020	0.00439365	0.0144763
13030	0.0043929	0.0144794
13040	0.00439215	0.0144825
13050	0.0043914	0.0144855
13060	0.00439065	0.0144885
13070	0.0043899	0.0144916
13080	0.00438915	0.0144946
13090	0.0043884	0.0144977
13100	0.00438766	0.0145007
13110	0.00438691	0.0145037
13120	0.00438616	0.0145068
13130	0.00438542	0.0145098
13140	0.00438467	0.0145128
13150	0.00438393	0.0145159
13160	0.00438319	0.0145189
13170	0.00438244	0.014522
13180	0.0043817	0.014525
13190	0.00438096	0.014528
13200	0.00438022	0.0145311
13210	0.00437948	0.0145341
13220	0.00437874	0.0145371
13230	0.004378	0.0145401
13240	0.00437727	0.0145432
13250	0.00437653	0.0145462
13260	0.00437579	0.0145492
13270	0.00437506	0.0145523
13280	0.00437433	0.0145553
13290	0.00437359	0.0145583
13300	0.00437286	0.0145613
13310	0.00437213	0.0145643
13320	0.00437139	0.0145673
13330	0.00437066	0.0145704
13340	0.00436993	0.0145734
13350	0.0043692	0.0145764
13360	0.00436847	0.0145794
13370	0.00436774	0.0145824
13380	0.00436702	0.0145854
13390	0.00436629	0.0145884
13400	0.00436556	0.0145914
13410	0.00436484	0.0145944
13420	0.00436411	0.0145975
13430	0.00436339	0.0146005
13440	0.00436266	0.0146035
13450	0.00436194	0.0146065
13460	0.00436122	0.0146095
13470	0.0043605	0.0146125
13480	0.00435977	0.0146155
13490	0.00435905	0.0146185
13500	0.00435833	0.0146215
13510	0.00435761	0.0146245
13520	0.00435689	0.0146275
13530	0.00435618	0.0146305
13540	0.00435546	0.0146334
13550	0.00435474	0.0146365
13560	0.00435402	0.0146395
13570	0.00435331	0.0146424
13580	0.00435259	0.0146454
13590	0.00435188	0.0146484
13600	0.00435116	0.0146514
13610	0.00435045	0.0146544
13620	0.00434974	0.0146574
13630	0.00434902	0.0146603
13640	0.00434831	0.0146633
13650	0.0043476	0.0146663
13660	0.00434689	0.0146692
13670	0.00434618	0.0146722
13680	0.00434547	0.0146752
13690	0.00434476	0.0146782
13700	0.00434405	0.0146811
13710	0.00434335	0.0146841
13720	0.00434264	0.0146871
13730	0.00434193	0.01469
13740	0.00434123	0.014693
13750	0.00434052	0.0146959
13760	0.00433982	0.0146989
13770	0.00433911	0.0147018
13780	0.00433841	0.0147048
13790	0.0043377	0.0147078
13800	0.004337	0.0147107
13810	0.0043363	0.0147137
13820	0.0043356	0.0147166
13830	0.0043349	0.0147196
13840	0.0043342	0.0147225
13850	0.00433349	0.0147255
13860	0.00433279	0.0147284
13870	0.0043321	0.0147314
13880	0.0043314	0.0147343
13890	0.0043307	0.0147373
13900	0.00433	0.0147402
13910	0.0043293	0.0147432
13920	0.00432861	0.0147461
13930	0.00432791	0.014749
13940	0.00432721	0.014752
13950	0.00432652	0.0147549
13960	0.00432582	0.0147579
13970	0.00432513	0.0147608
13980	0.00432443	0.0147637
13990	0.00432374	0.0147666
14000	0.00432305	0.0147696
14010	0.00432236	0.0147725
14020	0.00432167	0.0147754
14030	0.00432097	0.0147783
14040	0.00432028	0.0147812
14050	0.00431959	0.0147841
14060	0.0043189	0.014787
14070	0.00431822	0.01479
14080	0.00431753	0.0147929
14090	0.00431684	0.0147958
14100	0.00431615	0.0147987
14110	0.00431546	0.0148016
14120	0.00431478	0.0148045
14130	0.00431409	0.0148074
14140	0.0043134	0.0148103
14150	0.00431272	0.0148132
14160	0.00431203	0.0148161
14170	0.00431135	0.0148189
14180	0.00431066	0.0148218
14190	0.00430998	0.0148247
14200	0.0043093	0.0148276
14210	0.00430861	0.0148305
14220	0.00430793	0.0148334
14230	0.00430725	0.0148363
14240	0.00430657	0.0148392
14250	0.00430588	0.0148421
14260	0.0043052	0.0148449
14270	0.00430452	0.0148478
14280	0.00430385	0.0148507
14290	0.00430317	0.0148536
14300	0.00430249	0.0148564
14310	0.00430181	0.0148593
14320	0.00430113	0.0148622
14330	0.00430045	0.014865
14340	0.00429977	0.0148679
14350	0.0042991	0.0148708
14360	0.00429842	0.0148736
14370	0.00429774	0.0148765
14380	0.00429707	0.0148794
14390	0.00429639	0.0148822
14400	0.00429571	0.0148851
14410	0.00429504	0.014888
14420	0.00429436	0.0148908
14430	0.00429369	0.0148937
14440	0.00429302	0.0148965
14450	0.00429234	0.0148994
14460	0.00429167	0.0149022
14470	0.004291	0.0149051
14480	0.00429033	0.0149079
14490	0.00428965	0.0149108
14500	0.00428898	0.0149136
14510	0.00428831	0.0149164
14520	0.00428764	0.0149193
14530	0.00428697	0.0149221
14540	0.0042863	0.0149249
14550	0.00428563	0.0149277
14560	0.00428496	0.0149306
14570	0.00428429	0.0149334
14580	0.00428362	0.0149362
14590	0.00428296	0.0149391
14600	0.00428229	0.0149419
14610	0.00428162	0.0149447
14620	0.00428095	0.0149475
14630	0.00428029	0.0149503
14640	0.00427962	0.0149532
14650	0.00427895	0.014956
14660	0.00427829	0.0149588
14670	0.00427762	0.0149616
14680	0.00427695	0.0149644
14690	0.00427629	0.0149672
14700	0.00427563	0.01497
14710	0.00427496	0.0149728
14720	0.0042743	0.0149756
14730	0.00427363	0.0149784
14740	0.00427297	0.0149812
14750	0.00427231	0.014984
14760	0.00427164	0.0149868
14770	0.00427098	0.0149895
14780	0.00427032	0.0149923
14790	0.00426966	0.0149951
14800	0.00426899	0.0149979
14810	0.00426833	0.0150007
14820	0.00426767	0.0150034
14830	0.00426701	0.0150062
14840	0.00426635	0.015009
14850	0.00426569	0.0150117
14860	0.00426503	0.0150145
14870	0.00426437	0.0150173
14880	0.00426371	0.0150201
14890	0.00426305	0.0150228
14900	0.00426239	0.0150256
14910	0.00426173	0.0150283
14920	0.00426108	0.0150311
14930	0.00426042	0.0150339
14940	0.00425976	0.0150366
14950	0.0042591	0.0150394
14960	0.00425844	0.0150421
14970	0.00425779	0.0150449
14980	0.00425713	0.0150476
14990	0.00425647	0.0150504
15000	0.00425582	0.0150531
15010	0.00425516	0.0150559
15020	0.00425451	0.0150586
15030	0.00425385	0.0150613
15040	0.00425319	0.0150641
15050	0.00425254	0.0150668
15060	0.00425188	0.0150695
15070	0.00425123	0.0150723
15080	0.00425057	0.015075
15090	0.00424992	0.0150777
15100	0.00424927	0.0150804
15110	0.00424861	0.0150831
15120	0.00424796	0.0150859
15130	0.00424731	0.0150886
15140	0.00424665	0.0150913
15150	0.004246	0.015094
15160	0.00424535	0.0150967
15170	0.0042447	0.0150994
15180	0.00424404	0.0151021
15190	0.00424339	0.0151049
15200	0.00424274	0.0151076
15210	0.00424209	0.0151103
15220	0.00424144	0.015113
15230	0.00424078	0.0151157
15240	0.00424013	0.0151184
15250	0.00423948	0.0151211
15260	0.00423883	0.0151238
15270	0.00423818	0.0151265
15280	0.00423753	0.0151292
15290	0.00423688	0.0151319
15300	0.00423623	0.0151346
15310	0.00423558	0.0151372
15320	0.00423493	0.0151399
15330	0.00423428	0.0151426
15340	0.00423363	0.0151453
15350	0.00423298	0.0151479
15360	0.00423234	0.0151506
15370	0.00423169	0.0151533
15380	0.00423104	0.015156
15390	0.00423039	0.0151586
15400	0.00422974	0.0151613
15410	0.00422909	0.015164
15420	0.00422844	0.0151666
15430	0.0042278	0.0151693
15440	0.00422715	0.015172
15450	0.0042265	0.0151746
15460	0.00422586	0.0151773
15470	0.00422521	0.0151799
15480	0.00422456	0.0151826
15490	0.00422391	0.0151852
15500	0.00422327	0.0151879
15510	0.00422262	0.0151905
15520	0.00422197	0.0151932
15530	0.00422133	0.0151958
15540	0.00422068	0.0151985
15550	0.00422003	0.0152011
15560	0.00421939	0.0152037
15570	0.00421874	0.0152064
15580	0.0042181	0.015209
15590	0.00421745	0.0152116
15600	0.00421681	0.0152143
15610	0.00421616	0.0152169
15620	0.00421551	0.0152195
15630	0.00421487	0.0152221
15640	0.00421422	0.0152247
15650	0.00421358	0.0152273
15660	0.00421293	0.0152299
15670	0.00421229	0.0152326
15680	0.00421164	0.0152352
15690	0.004211	0.0152378
15700	0.00421035	0.0152404
15710	0.00420971	0.015243
15720	0.00420907	0.0152456
15730	0.00420842	0.0152482
15740	0.00420778	0.0152508
15750	0.00420713	0.0152534
15760	0.00420649	0.015256
15770	0.00420585	0.0152586
15780	0.0042052	0.0152612
15790	0.00420456	0.0152638
15800	0.00420391	0.0152663
15810	0.00420327	0.0152689
15820	0.00420263	0.0152715
15830	0.00420198	0.0152741
15840	0.00420134	0.0152767
15850	0.0042007	0.0152793
15860	0.00420005	0.0152818
15870	0.00419941	0.0152844
15880	0.00419877	0.015287
15890	0.00419812	0.0152896
15900	0.00419748	0.0152921
15910	0.00419684	0.0152947
15920	0.00419619	0.0152973
15930	0.00419555	0.0152998
15940	0.00419491	0.0153024
15950	0.00419427	0.0153049
15960	0.00419362	0.0153075
15970	0.00419298	0.0153101
15980	0.00419234	0.0153126
15990	0.00419169	0.0153152
16000	0.00419105	0.0153177
16010	0.00419041	0.0153203
16020	0.00418976	0.0153228
16030	0.00418912	0.0153254
16040	0.00418848	0.0153279
16050	0.00418784	0.0153305
16060	0.00418719	0.015333
16070	0.00418655	0.0153356
16080	0.00418591	0.0153381
16090	0.00418526	0.0153407
16100	0.00418462	0.0153432
16110	0.00418398	0.0153457
16120	0.00418334	0.0153483
16130	0.00418269	0.0153508
16140	0.00418205	0.0153534
16150	0.00418141	0.0153559
16160	0.00418077	0.0153584
16170	0.00418012	0.015361
16180	0.00417948	0.0153635
16190	0.00417884	0.015366
16200	0.00417819	0.0153685
16210	0.00417755	0.0153711
16220	0.00417691	0.0153736
16230	0.00417627	0.0153761
16240	0.00417562	0.0153786
16250	0.00417498	0.0153811
16260	0.00417434	0.0153836
16270	0.0041737	0.0153861
16280	0.00417305	0.0153887
16290	0.00417241	0.0153912
16300	0.00417177	0.0153937
16310	0.00417112	0.0153962
16320	0.00417048	0.0153987
16330	0.00416984	0.0154012
16340	0.0041692	0.0154037
16350	0.00416855	0.0154062
16360	0.00416791	0.0154086
16370	0.00416727	0.0154111
16380	0.00416662	0.0154136
16390	0.00416598	0.0154161
16400	0.00416534	0.0154186
16410	0.00416469	0.0154211
16420	0.00416405	0.0154236
16430	0.0041634	0.0154261
16440	0.00416276	0.0154285
16450	0.00416212	0.015431
16460	0.00416147	0.0154335
16470	0.00416083	0.015436
16480	0.00416019	0.0154385
16490	0.00415954	0.015441
16500	0.0041589	0.0154435
16510	0.00415826	0.0154459
16520	0.00415761	0.0154484
16530	0.00415697	0.0154509
16540	0.00415632	0.0154534
16550	0.00415568	0.0154558
16560	0.00415503	0.0154583
16570	0.00415439	0.0154607
16580	0.00415375	0.0154632
16590	0.0041531	0.0154657
16600	0.00415246	0.0154682
16610	0.00415181	0.0154706
16620	0.00415117	0.0154731
16630	0.00415052	0.0154756
16640	0.00414988	0.015478
16650	0.00414923	0.0154805
16660	0.00414859	0.015483
16670	0.00414794	0.0154854
16680	0.0041473	0.0154879
16690	0.00414665	0.0154903
16700	0.00414601	0.0154928
16710	0.00414536	0.0154952
16720	0.00414471	0.0154977
16730	0.00414407	0.0155001
16740	0.00414342	0.0155026
16750	0.00414278	0.015505
16760	0.00414213	0.0155075
16770	0.00414149	0.0155099
16780	0.00414084	0.0155124
16790	0.00414019	0.0155148
16800	0.00413955	0.0155173
16810	0.0041389	0.0155197
16820	0.00413825	0.0155222
16830	0.00413761	0.0155246
16840	0.00413696	0.0155271
16850	0.00413631	0.0155295
16860	0.00413566	0.0155319
16870	0.00413502	0.0155344
16880	0.00413437	0.0155368
16890	0.00413372	0.0155392
16900	0.00413307	0.0155417
16910	0.00413243	0.0155441
16920	0.00413178	0.0155465
16930	0.00413113	0.015549
16940	0.00413048	0.0155514
16950	0.00412984	0.0155538
16960	0.00412919	0.0155562
16970	0.00412854	0.0155587
16980	0.00412789	0.0155611
16990	0.00412724	0.0155635
17000	0.00412659	0.0155659
17010	0.00412594	0.0155684
17020	0.00412529	0.0155708
17030	0.00412465	0.0155733
17040	0.004124	0.0155757
17050	0.00412335	0.0155781
17060	0.0041227	0.0155806
17070	0.00412205	0.015583
17080	0.0041214	0.0155854
17090	0.00412075	0.0155878
17100	0.0041201	0.0155903
17110	0.00411945	0.0155927
17120	0.0041188	0.0155951
17130	0.00411815	0.0155975
17140	0.0041175	0.0156
17150	0.00411685	0.0156024
17160	0.0041162	0.0156048
17170	0.00411555	0.0156072
17180	0.0041149	0.0156096
17190	0.00411425	0.015612
17200	0.00411359	0.0156144
17210	0.00411294	0.0156169
17220	0.00411229	0.0156193
17230	0.00411164	0.0156217
17240	0.00411099	0.0156241
17250	0.00411034	0.0156265
17260	0.00410968	0.0156289
17270	0.00410903	0.0156313
17280	0.00410838	0.0156337
17290	0.00410773	0.0156362
17300	0.00410708	0.0156386
17310	0.00410642	0.015641
17320	0.00410577	0.0156434
17330	0.00410512	0.0156458
17340	0.00410446	0.0156482
17350	0.00410381	0.0156506
17360	0.00410316	0.015653
17370	0.0041025	0.0156554
17380	0.00410185	0.0156578
17390	0.0041012	0.0156602
17400	0.00410055	0.0156626
17410	0.00409989	0.015665
17420	0.00409924	0.0156674
17430	0.00409858	0.0156698
17440	0.00409793	0.0156722
17450	0.00409727	0.0156746
17460	0.00409662	0.015677
17470	0.00409596	0.0156794
17480	0.00409531	0.0156818
17490	0.00409465	0.0156842
17500	0.004094	0.0156866
17510	0.00409334	0.0156891
17520	0.00409269	0.0156915
17530	0.00409203	0.0156939
17540	0.00409138	0.0156963
17550	0.00409072	0.0156987
17560	0.00409006	0.0157011
17570	0.00408941	0.0157035
17580	0.00408875	0.0157059
17590	0.0040881	0.0157083
17600	0.00408744	0.0157107
17610	0.00408678	0.0157131
17620	0.00408613	0.0157155
17630	0.00408547	0.0157179
17640	0.00408481	0.0157203
17650	0.00408416	0.0157227
17660	0.0040835	0.0157251
17670	0.00408284	0.0157275
17680	0.00408219	0.0157299
17690	0.00408153	0.0157323
17700	0.00408087	0.0157347
17710	0.00408021	0.0157371
17720	0.00407955	0.0157395
17730	0.0040789	0.0157419
17740	0.00407824	0.0157443
17750	0.00407758	0.0157467
17760	0.00407692	0.0157491
17770	0.00407626	0.0157515
17780	0.0040756	0.0157539
17790	0.00407494	0.0157563
17800	0.00407429	0.0157587
17810	0.00407363	0.0157611
17820	0.00407297	0.0157635
17830	0.00407231	0.0157659
17840	0.00407165	0.0157683
17850	0.00407099	0.0157707
17860	0.00407033	0.0157731
17870	0.00406967	0.0157755
17880	0.00406901	0.015778
17890	0.00406835	0.0157804
17900	0.00406769	0.0157828
17910	0.00406703	0.0157852
17920	0.00406637	0.0157876
17930	0.00406571	0.01579
17940	0.00406505	0.0157925
17950	0.00406439	0.0157949
17960	0.00406372	0.0157973
17970	0.00406306	0.0157997
17980	0.0040624	0.0158021
17990	0.00406174	0.0158045
18000	0.00406108	0.015807
18010	0.00406042	0.0158094
18020	0.00405976	0.0158118
18030	0.00405909	0.0158142
18040	0.00405843	0.0158166
18050	0.00405777	0.015819
18060	0.00405711	0.0158215
18070	0.00405644	0.0158239
18080	0.00405578	0.0158263
18090	0.00405512	0.0158287
18100	0.00405446	0.0158311
18110	0.0040538	0.0158335
18120	0.00405313	0.0158359
18130	0.00405247	0.0158384
18140	0.00405181	0.0158408
18150	0.00405115	0.0158432
18160	0.00405048	0.0158456
18170	0.00404982	0.015848
18180	0.00404916	0.0158505
18190	0.00404849	0.0158529
18200	0.00404783	0.0158553
18210	0.00404717	0.0158577
18220	0.0040465	0.0158601
18230	0.00404584	0.0158626
18240	0.00404518	0.015865
18250	0.00404451	0.0158674
18260	0.00404385	0.0158698
18270	0.00404319	0.0158722
18280	0.00404252	0.0158747
18290	0.00404186	0.0158771
18300	0.0040412	0.0158795
18310	0.00404053	0.0158819
18320	0.00403987	0.0158844
18330	0.0040392	0.0158868
18340	0.00403854	0.0158892
18350	0.00403788	0.0158917
18360	0.00403721	0.0158941
18370	0.00403655	0.0158966
18380	0.00403588	0.015899
18390	0.00403522	0.0159015
18400	0.00403455	0.0159039
18410	0.00403389	0.0159063
18420	0.00403323	0.0159088
18430	0.00403256	0.0159112
18440	0.0040319	0.0159137
18450	0.00403123	0.0159161
18460	0.00403057	0.0159185
18470	0.0040299	0.015921
18480	0.00402924	0.0159234
18490	0.00402857	0.0159259
18500	0.00402791	0.0159283
18510	0.00402724	0.0159308
18520	0.00402658	0.0159332
18530	0.00402591	0.0159357
18540	0.00402525	0.0159382
18550	0.00402458	0.0159406
18560	0.00402392	0.0159431
18570	0.00402325	0.0159455
18580	0.00402259	0.015948
18590	0.00402192	0.0159504
18600	0.00402125	0.0159529
18610	0.00402059	0.0159553
18620	0.00401992	0.0159578
18630	0.00401926	0.0159602
18640	0.00401859	0.0159627
18650	0.00401793	0.0159651
18660	0.00401726	0.0159676
18670	0.0040166	0.0159701
18680	0.00401593	0.0159725
18690	0.00401527	0.015975
18700	0.0040146	0.0159774
18710	0.00401394	0.0159799
18720	0.00401327	0.0159824
18730	0.00401261	0.0159848
18740	0.00401194	0.0159873
18750	0.00401128	0.0159898
18760	0.00401061	0.0159923
18770	0.00400994	0.0159947
18780	0.00400928	0.0159972
18790	0.00400862	0.0159997
18800	0.00400795	0.0160021
18810	0.00400728	0.0160046
18820	0.00400662	0.0160071
18830	0.00400595	0.0160095
18840	0.00400529	0.016012
18850	0.00400462	0.0160145
18860	0.00400396	0.016017
18870	0.00400329	0.0160195
18880	0.00400263	0.016022
18890	0.00400196	0.0160245
18900	0.0040013	0.0160269
18910	0.00400063	0.0160294
18920	0.00399997	0.0160319
18930	0.0039993	0.0160344
18940	0.00399864	0.0160369
18950	0.00399797	0.0160393
18960	0.00399731	0.0160418
18970	0.00399664	0.0160443
18980	0.00399598	0.0160468
18990	0.00399531	0.0160493
19000	0.00399465	0.0160518
19010	0.00399398	0.0160543
19020	0.00399332	0.0160569
19030	0.00399265	0.0160594
19040	0.00399199	0.0160619
19050	0.00399132	0.0160644
19060	0.00399066	0.0160669
19070	0.00398999	0.0160694
19080	0.00398933	0.0160719
19090	0.00398866	0.0160744
19100	0.003988	0.0160769
19110	0.00398734	0.0160794
19120	0.00398667	0.0160819
19130	0.00398601	0.0160845
19140	0.00398534	0.016087
19150	0.00398468	0.0160895
19160	0.00398402	0.016092
19170	0.00398335	0.0160945
19180	0.00398269	0.016097
19190	0.00398203	0.0160995
19200	0.00398136	0.0161021
19210	0.0039807	0.0161046
19220	0.00398003	0.0161071
19230	0.00397937	0.0161096
19240	0.00397871	0.0161122
19250	0.00397804	0.0161147
19260	0.00397738	0.0161172
19270	0.00397672	0.0161197
19280	0.00397606	0.0161222
19290	0.0039754	0.0161248
19300	0.00397473	0.0161273
19310	0.00397407	0.0161298
19320	0.00397341	0.0161324
19330	0.00397275	0.0161349
19340	0.00397208	0.0161374
19350	0.00397142	0.01614
19360	0.00397076	0.0161425
19370	0.0039701	0.016145
19380	0.00396943	0.0161476
19390	0.00396877	0.0161501
19400	0.00396811	0.0161526
19410	0.00396745	0.0161552
19420	0.00396679	0.0161577
19430	0.00396613	0.0161602
19440	0.00396547	0.0161628
19450	0.00396481	0.0161653
19460	0.00396414	0.0161679
19470	0.00396348	0.0161704
19480	0.00396282	0.016173
19490	0.00396216	0.0161755
19500	0.0039615	0.0161781
19510	0.00396084	0.0161806
19520	0.00396018	0.0161832
19530	0.00395952	0.0161857
19540	0.00395886	0.0161882
19550	0.00395821	0.0161908
19560	0.00395755	0.0161933
19570	0.00395688	0.0161959
19580	0.00395623	0.0161984
19590	0.00395557	0.016201
19600	0.00395491	0.0162035
19610	0.00395425	0.0162061
19620	0.00395359	0.0162086
19630	0.00395293	0.0162112
19640	0.00395228	0.0162137
19650	0.00395162	0.0162163
19660	0.00395096	0.0162188
19670	0.0039503	0.0162214
19680	0.00394964	0.0162239
19690	0.00394899	0.0162265
19700	0.00394833	0.0162291
19710	0.00394767	0.0162316
19720	0.00394702	0.0162342
19730	0.00394636	0.0162367
19740	0.0039457	0.0162393
19750	0.00394505	0.0162418
19760	0.00394439	0.0162444
19770	0.00394373	0.016247
19780	0.00394308	0.0162495
19790	0.00394242	0.0162521
19800	0.00394177	0.0162546
19810	0.00394111	0.0162572
19820	0.00394046	0.0162598
19830	0.0039398	0.0162623
19840	0.00393915	0.0162649
19850	0.0039385	0.0162674
19860	0.00393784	0.01627
19870	0.00393719	0.0162726
19880	0.00393653	0.0162751
19890	0.00393588	0.0162777
19900	0.00393523	0.0162803
19910	0.00393457	0.0162828
19920	0.00393392	0.0162854
19930	0.00393327	0.016288
19940	0.00393261	0.0162906
19950	0.00393196	0.0162931
19960	0.00393131	0.0162957
19970	0.00393066	0.0162983
19980	0.00393001	0.0163009
19990	0.00392935	0.0163034
20000	0.0039287	0.016306


